﻿Country Name,Country Code,Series Name,Series Code,2009 [YR2009],2010 [YR2010],2011 [YR2011],2012 [YR2012],2013 [YR2013],2014 [YR2014],2015 [YR2015],2016 [YR2016],2017 [YR2017],2018 [YR2018]
Switzerland,CHE,Control of Corruption: Estimate,CC.EST,2.070191,2.072074,2.035801,2.14676,2.13242,2.151519,2.136473,1.988357,1.989034,2.00971
Switzerland,CHE,Government Effectiveness: Estimate,GE.EST,1.948745,1.876344,1.867497,1.891962,1.824577,2.112258,1.998052,2.008593,2.056261,2.039621
Switzerland,CHE,Political Stability and Absence of Violence/Terrorism: Estimate,PV.EST,1.307553,1.258594,1.300342,1.418336,1.40114,1.402653,1.339359,1.30629,1.256539,1.344863
Spain,ESP,Control of Corruption: Estimate,CC.EST,1.0622,1.084354,1.104124,1.128226,0.9030925,0.6298417,0.5839002,0.5156305,0.4917679,0.613507
Spain,ESP,Government Effectiveness: Estimate,GE.EST,0.9458322,0.9947988,1.027235,1.120682,1.154523,1.159705,1.174035,1.115842,1.033854,1.002136
Spain,ESP,Political Stability and Absence of Violence/Terrorism: Estimate,PV.EST,-0.4737767,-0.3180437,0.0211045,-0.0295164,0.0120178,0.2431217,0.2514912,0.4131883,0.2827956,0.2548025
United Kingdom,GBR,Control of Corruption: Estimate,CC.EST,1.632727,1.604827,1.616091,1.674153,1.699135,1.738478,1.876371,1.898977,1.843343,1.826577
United Kingdom,GBR,Government Effectiveness: Estimate,GE.EST,1.512003,1.568379,1.558901,1.547542,1.495451,1.62673,1.743745,1.601618,1.414133,1.341884
United Kingdom,GBR,Political Stability and Absence of Violence/Terrorism: Estimate,PV.EST,0.1215835,0.4118182,0.3517076,0.4022707,0.4862014,0.4153476,0.5177479,0.3604541,0.3315471,0.0487175
,,,,,,,,,,,,,
,,,,,,,,,,,,,
,,,,,,,,,,,,,
Data from database: Worldwide Governance Indicators,,,,,,,,,,,,,
Last Updated: 11/07/2019,,,,,,,,,,,,,
